{
  "version": "2020.1",
  "applications": [],
  "platforms": [
    {
      "name": "SPI_Hardware_Design_Z700"
    }
  ],
  "systems": [
    {
      "name": "project_from_scratch_system",
      "platform": "C:/Users/Dexter/workspace/SPI_Hardware_Design_Z700/export/SPI_Hardware_Design_Z700/SPI_Hardware_Design_Z700.xpfm",
      "sysConfig": "SPI_Hardware_Design_Z700",
      "applications": [
        {
          "name": "project_from_scratch",
          "platform": "C:/Users/Dexter/workspace/SPI_Hardware_Design_Z700/export/SPI_Hardware_Design_Z700/SPI_Hardware_Design_Z700.xpfm",
          "platformPath": "C:\\Users\\Dexter\\workspace\\SPI_Hardware_Design_Z700\\export\\SPI_Hardware_Design_Z700",
          "sysConfig": "SPI_Hardware_Design_Z700",
          "domain": "domain_ps7_cortexa9_0",
          "system": "project_from_scratch_system"
        }
      ],
      "platformPath": "C:\\Users\\Dexter\\workspace\\SPI_Hardware_Design_Z700\\export\\SPI_Hardware_Design_Z700"
    }
  ],
  "others": []
}